id,Name,Release,Remake,Series,Tags,Purchases,Status,Content,DLCs
1,NieR:Automata - Standard Edition,2017,,NieR,,Steam,Completed,,NieR:Automata - 3C3C1D119440927
2,NieR Replicant ver.1.22474487139,2010,2021,NieR,,Steam,Started,,NieR Replicant 4 YoRHa
3,Populous,1989,,Populous,,"""Origin,Humble Store"",GOG",,,
4,10 Classic SEGA Genesis Games,,,,,,,,
5,12 is Better Than 6,,,,,,,,
6,2000:1: A Space Felony,,,,,,,,
7,"3 out of 10, EP 1: ""Welcome To Shovelworks""",2020,,3 out of 10,,,,,
8,3 out of 10: Season Two,2021,,3 out of 10,,,,,
9,A Chair in a Room: Greenwater,,,,,,Completed,,
10,A New Beginning - Final Cut,,,,,GOG,,,
11,A Plague Tale: Innocence,,,,,,,,
12,A Story About My Uncle,,,,,,,,
13,A Total War Saga: TROY,2020,,Total War,,,,,
14,A-10C: Advanced Aircraft Training Qualification Campaign,,,DCS World,,,Backlog,,
15,A-10C: Basic Flight Training Campaign,,,DCS World,,,Started,,
16,A-10C: Enemy Within Campaign,,,DCS World,,,Backlog,,
17,A-10C: Operation Piercing Fury Campaign,,,DCS World,,,Backlog,,
18,A-10C: Tactical Training Qualification Campaign,,,DCS World,,,Backlog,,
19,A2Be - A Science Fiction Narrative,,,,,,,,
20,Absolute Drift,,,,,GOG,Started,,
21,ABZÛ,,,,,GOG,,,
22,ADR1FT,,,,VR,,Dropped,,
23,Aegis Defenders,,,,,,,,
24,AER Memories of Old,,,,,,,,
25,Agatha Christie - The ABC Murders,,,,,,,,
26,Age of Wonders III,,,,,,,,
27,AI War: Fleet Command,,,,,,,,"AI War: Ancient Shadows DLC,AI War: Children of Neinzul DLC,AI War: Destroyer of Worlds DLC,AI War: Light of the Spire DLC,AI War: The Zenith Remnant DLC,AI War: Vengeance Of The Machine DLC"
28,Akane,,,,,,,,
29,Alan Wake,2010,,Alan Wake,,GOG,Backlog,,
30,Alan Wake's American Nightmare,2012,,Alan Wake,,GOG,,,
31,Alien Breed - Complete Pack,,,,,,,,
32,Alien Shooter 2: Reloaded,,,,,GOG,,,
33,Alien Versus Predator,,,,,,,,
34,Alien Versus Predator Classic 2000,,,,,GOG,,,
35,Alien: Isolation,,,,,,,,Alien: Isolation - Last Survivor
36,All Walls Must Fall,,,,,"""Steam,Kickstarter""",Backlog,,
37,Alpha Protocol,,,,,,,,
38,Amnesia: A Machine for Pigs,2013,,Amnesia,,,,,
39,Amnesia: The Dark Descent,2010,,Amnesia,,GOG,,,
40,Among the Sleep - Enhanced Edition,,,,,,,,
41,Among Us,,,,,,,,
42,Anachronox,,,,,GOG,,,
43,Anna,,,,,,,,
44,Another World: 15th Anniversary Edition,,,,,GOG,Completed,,
45,Antichamber,,,,,,,,
46,Ape Out,,,,,,,,
47,Aquaria,,,,,,,,
48,ARK: Survival Evolved,,,,,,,,
49,Ashes of the Singularity: Escalation,,,,,,,,
50,Assassin's Creed - Director's Cut,2007,,Assassin's Creed,,GOG,Backlog,,
51,Assassin's Creed II,2009,,Assassin's Creed,,,Backlog,,
52,Assassin's Creed III,2012,,Assassin's Creed,,,Backlog,,
53,Assassin's Creed IV: Black Flag,2013,,Assassin's Creed,,,Backlog,,
54,Assassin's Creed Unity,2014,,Assassin's Creed,,,Backlog,,
55,Assetto Corsa,,,,,,,,
56,Attack on Titan - Episode All Set (Episodes 1-3),,,,,,,,
57,Attack on Titan: Wings of Freedom,,,,,,Completed,,
58,Audioshield,,,,,,,,
59,Automachef,,,,,,,,
60,Baba Is You,,,,,,,,
61,Bad North: Jotunn Edition,,,,,,,,
62,Baldur's Gate,1998,,Baldur's Gate,,,,,
63,Baldur's Gate 2 Complete,2000,,Baldur's Gate,,GOG,,,
64,Baldur's Gate II,2000,,Baldur's Gate,,,,,
65,Baldur's Gate II: Enhanced Edition,2013,,Baldur's Gate,,GOG,Backlog,,
66,Baldur's Gate II: Throne of Bhaal,2001,,Baldur's Gate,,,,,
67,Baldur's Gate: Enhanced Edition,2012,,Baldur's Gate,,GOG,Backlog,,
68,Baldur's Gate: Tales of the Sword Coast,1999,,Baldur's Gate,,,,,
69,Baldur's Gate: The Original Saga,1998,,Baldur's Gate,,GOG,,,
70,Batman: Arkham Asylum,2009,,Batman: Arkham,,,,,
71,Batman: Arkham City,2011,,Batman: Arkham,,,,,
72,Batman: Arkham Knight,2015,,Batman: Arkham,,,,,
73,Battlefield 3,,,,,,,,
74,Beat Saber,,,,VR,,Started,,
75,Beats Fever,,,,,,,,Beats Fever - Big Apple DLC
76,Beyond Good and Evil,,,,,GOG,,,
77,Binary Domain,,,,,,,,
78,Bionic Dues,,,,,,,,
79,BioShock,2007,,BioShock,,,,,
80,BioShock 2,2010,,BioShock,,,,,
81,BioShock Infinite,2013,,BioShock,,,,,
82,BioShock Remastered,2007,,BioShock,,Epic Games,Backlog,,
83,Blair Witch,,,,,,,,
84,Blitzkrieg,2003,,Blitzkrieg,,GOG,,,
85,Blitzkrieg: Burning Horizon,2004,,Blitzkrieg,,GOG,,,
86,Blitzkrieg: Iron Division,2005,,Blitzkrieg,,GOG,,,
87,Blitzkrieg: Rolling Thunder,2004,,Blitzkrieg,,GOG,,,
88,Borderlands 2,2012,,Borderlands,,,Dropped,,
89,Borderlands: The Pre-Sequel,2014,,Borderlands,,,,,
90,Botanicula,,,,,Epic Games,Dropped,,
91,Braid,,,,,GOG,,,
92,Breach & Clear,,,,,,Backlog,,
93,Bridge Constructor: The Walking Dead,,,,,,,,
94,Bridge Project,,,,,,,,
95,Brigador: Up-Armored Edition,,,,,GOG,,,
96,Broken Age (Double Fine Adventure),,,,,"""Steam,Kickstarter""",Started,,
97,Broken Sword: The Shadow of the Templars,1996,,Broken Sword,,GOG,,,
98,Broken Sword 2: The Smoking Mirror,1997,,Broken Sword,,GOG,,,
99,Broken Sword 2: The Smoking Mirror - Remastered,1997,,Broken Sword,,GOG,,,
100,Broken Sword 3: The Sleeping Dragon,2003,,Broken Sword,,GOG,,,
101,Broken Sword 4: The Angel of Death (Secrets of the Ark),2006,,Broken Sword,,GOG,,,
102,Broken Sword 5: The Serpent's Curse,2013,,Broken Sword,,GOG,,,
103,Broken Sword: The Shadow of the Templars - Director's Cut,1996,,Broken Sword,,GOG,,,Broken Sword: Director's Cut - Soundtrack
104,Brütal Legend,,,,,,,,
105,Budget Cuts,,,,VR,,Backlog,,
106,Burnout Paradise: The Ultimate Box,,,,,,,,
107,Butcher,,,,,GOG,,,
108,Carmageddon TDR 2000,,,,,GOG,,,
109,Castle Crashers,,,,,,,,
110,Cat Girl Without Salad,,,,,,,,
111,Cave Story+,,,,,,,,
112,CAYNE,,,,,GOG,,,
113,Child of Light,,,,,,,,
114,Chop Chop Princess!,,,,,,,,
115,Cities: Skylines,,,,,,,,
116,Cities: Skylines (Deluxe Edition),,,,,,,,
117,Close to the Sun,,,,,,,,
118,Command & Conquer: Red Alert 3 - Uprising,,,,,,Backlog,,
119,Command & Conquer: The First Decade,,,,,,,12 C&C games,
120,Commandos 2: Men of Courage,2001,,Commandos,,GOG,,,
121,Commandos 3: Destination Berlin,2003,,Commandos,,GOG,,,
122,Commandos: Behind Enemy Lines,1998,,Commandos,,GOG,Started,,
123,Commandos: Beyond The Call Of Duty,1999,,Commandos,,GOG,Backlog,,
124,Company of Heroes,2006,,Company of Heroes,,,,,
125,Company of Heroes 2,2013,,Company of Heroes,,,,,
126,Control,,,,,,,,
127,Copoka,,,,,,,,
128,Corpse Party,,,,,GOG,,,
129,Costume Quest 2,,,,,,,,
130,Counter-Strike: Condition Zero,2004,,Counter-Strike,,,,,
131,Counter-Strike: Global Offensive,2012,,Counter-Strike,,,,,
132,Counter-Strike: Source,2004,,Counter-Strike,,,,,
133,Crashlands,,,,,,,,
134,Crazy space pirate,,,,,,,,
135,Creature in the Well,,,,,,,,
136,Crescent Bay,,,,,,,,
137,Crusader Kings II,,,,,GOG,,,
138,Crying Suns,,,,,"""Humble Store,Steam""",,,
139,Crysis 2 Maximum Edition,,,,,,,,
140,Cultures: Northland,2002,,Cultures,,GOG,,,
141,Cursed Castilla (Maldita Castilla EX),,,,,,,,
142,Cyberpunk 2077 Goodies Collection,,,,,GOG,,,
143,Dandara: Trials of Fear Edition,,,,,,,,
144,Darkest Dungeon,,,,,,,,
145,Darwinia,,,,,GOG,,,
146,Day of Defeat,,,,,,,,
147,Day of Defeat: Source,,,,,,,,
148,Day of the Tentacle Remastered,,,,,GOG,Backlog,,
149,DCS: A-10C Warthog,,,DCS World,,,Started,,
150,DCS: AJS-37 Viggen,,,DCS World,,,Backlog,,
151,DCS: F/A-18C Hornet,,,DCS World,,,Backlog,,
152,DCS: Flaming Cliffs 3,,,DCS World,,,,"F-15C, A-10A, Su-27, Su-33, MiG-29A, MiG-29S, Su-2",
153,Dead and Buried,,,,,,,,
154,Dead Space,,,,,,,,
155,Dead Space 3,,,,,,,,
156,Deadlight: Director's Cut,,,,,GOG,,,
157,Death Coming,,,,,,,,
158,Deathmatch Classic,,,,,,,,
159,Defense Grid: The Awakening,,,,,,,,
160,Delores: A Thimbleweed Park mini-adventure,,,,,GOG,,,
161,Deponia,,,,,GOG,,,
162,Deponia: The Complete Journey,,,,,,,,
163,Deponia: The Complete Journey,,,,,,,,
164,Desert Bus VR,,,,,,,,
165,Desperados III,,,,,,Backlog,,"Soundtrack,Season Pass,Money for the Vultures - Part 1: Late to the Party,Money for the Vultures - Part 2: Five Steps Ahead,Money for the Vultures - Part 3: Once More With Feeling"
166,Desperados: Wanted Dead or Alive,,,,,GOG,Backlog,,
167,Destiny 2,,,,,Epic Games,,,Destiny 2: Bungie 30th Anniversary Pack
168,Desync,,,,,,,,
169,Deus Ex (GOTY Edition),2000,,Deus Ex,,GOG,Backlog,,Deus Ex: Revision
170,Deus Ex: Human Revolution,2011,,Deus Ex,,,,,
171,Devil Daggers,,,,,,,,
172,Diablo III: Starter Edition ,,,,,,,,
173,Die Young: Prologue,,,,,,,,
174,DiRT 3 Complete Edition,2011,,DiRT,,,,,
175,DiRT Rally,2015,,DiRT,VR,,Dropped,,
176,DiRT Showdown,2012,,DiRT,,,,,
177,DISC ROOM,,,,,,,,
178,DISTRAINT: Deluxe Edition,,,,,GOG,,,
179,Divine Divinity,,,,,GOG,,,
180,Divinity: Original Sin 2 - Divine Edition,,,,Online Co-Op,GOG,Started,,
181,Don't Starve,2013,,Don't Starve,,GOG,Dropped,,
182,Don't Starve Together,2016,,Don't Starve,Online Co-Op,,,,
183,Doom 3: BFG Edition,2012,,Doom,,GOG,,,
184,DOOM II,1994,,Doom,,GOG,,,Master Levels of DOOM
185,Door Kickers,,,,,GOG,Backlog,,
186,Drawful 2,,,,,"""Humble Store,Steam""",,,
187,Dreamfall Chapters: The Longest Journey,2014,,Longest Journey,,"""Steam,Kickstarter""",Started,,
188,Dreamfall: The Longest Journey,2006,,Longest Journey,,GOG,Completed,,
189,Duke Nukem 3D: Atomic Edition,,,,,GOG,,,
190,Dungeon Keeper Gold,1997,,Dungeon Keeper,,GOG,,Includes Dungeon Keeper and the Deeper Dungeons expansion.,
191,Dungeon Keeper 2,1999,,Dungeon Keeper,,GOG,,,
192,Dungeons 2,2015,,Dungeons,,GOG,,,A Clash of Pumpkins
193,Dungeons 3,2017,,Dungeons,,,,,
194,Dust: An Elysian Tail,,,,,GOG,,,
195,Dustforce DX,,,,,,,,
196,Dying Light - Enhanced Edition,2015,,Dying Light,,"""Gamesplanet,Steam"",Epic Games",,"Includes the base game, all DLC and content updates, and The Following expansion.","The Following,Season Pass,Crash Test Skin Pack"
197,Earthworm Jim,1994,,Earthworm Jim,,GOG,,,
198,Earthworm Jim 2,1995,,Earthworm Jim,,GOG,,,
199,Eclipse: New Dawn for the Galaxy (for iPad),,,,,,,,
200,Edna & Harvey: Harvey's New Eyes,,,,,,,,
201,Elegy for a Dead World,,,,,,,,
202,Elephant in the Room,,,,,,,,
203,Elite Dangerous,,,,,Epic Games,,,
204,Emergency 2014,,,,,,,,
205,Endless Space Collection,,,,,,,,
206,Euro Truck Simulator,2008,,Euro Truck Simulator,,,,,
207,Euro Truck Simulator 2,2012,,Euro Truck Simulator,,,Started,,"Going East!,Scandinavia,Trucking Fan DLC Bundle"
208,Europa Universalis II,2001,,Europa Universalis,,GOG,,,
209,Europa Universalis IV,2013,,Europa Universalis,,,,,
210,EVE: Valkyrie,,,,,,,,
211,Evil Genius,,,,,GOG,,,
212,Expeditions: Conquistador,,,,,GOG,,,
213,Eye of the Beholder,1991,,Eye of the Beholder,,GOG,,,
214,Eye of the Beholder II: The Legend of Darkmoon,1991,,Eye of the Beholder,,GOG,,,
215,Eye of the Beholder III: Assault on Myth Drannor,1993,,Eye of the Beholder,,GOG,,,
216,F1 2015,2015,,F1,,,,,
217,F1 2018,2018,,F1,,,,,
218,Falcon,1987,,Falcon,,GOG,,,
219,Falcon 3.0 Gold,1991,,Falcon,,GOG,,,
220,Falcon 4.0,1998,,Falcon,,GOG,,"In GOG, as a part of Falcon 3.0 Gold's bonus goodies pack.",
221,Falcon A.T.,1988,,Falcon,,GOG,,,
222,Fallen Enchantress: Legendary Heroes,,,,,,,,
223,Fallout,1997,,Fallout,,"GOG,Epic Games,Epic Games",Started,"In GOG as hidden release, Fallout Classic",
224,Fallout 2,1998,,Fallout,,"GOG,Epic Games,Epic Games",Backlog,"In GOG as hidden release, Fallout 2 Classic",
225,Fallout 3,2008,,Fallout,,,,,
226,Fallout 3: Game of the Year Edition,2008,,Fallout,,"GOG,Epic Games",Backlog,,
227,Fallout Tactics,2001,,Fallout,,"GOG,Epic Games,Epic Games",Backlog,"In GOG as hidden release, Fallout Tactics Classic",
228,Fallout: New Vegas - Ultimate Edition,2010,,Fallout,,"GOG,Epic Games",Backlog,,
229,Fantasy General,,,,,GOG,,,
230,Far Cry 3,,,,,,,,
231,Figment,,,,,,,,
232,Flashback,,,,,GOG,,,
233,Football Manager 2020,,,,,,,,
234,For The King,,,,,,,,
235,Descent: Freespace - Battle Pack,1998,,FreeSpace,,GOG,,Includes the original Freespace and the Silent Threat mission pack,
236,FreeSpace 2,1999,,FreeSpace,,GOG,Started,,
237,Frostpunk,,,,,,,,
238,Frozen Cortex,2015,,Frozen Synapse,,GOG,,,
239,Frozen Synapse,2011,,Frozen Synapse,,GOG,,,
240,FTL: Faster Than Light,,,,,GOG,Backlog,,
241,Full Throttle Remastered,,,,,GOG,Backlog,,
242,Furi,,,,,,,,
243,Gabriel Knight: Sins of the Fathers,,,,,GOG,,,
244,Galactic Civilizations I: Ultimate Edition,2003,,Galactic Civilizations,,,,,
245,Galactic Civilizations II: Ultimate Edition,2006,,Galactic Civilizations,,,,,
246,Galactic Civilizations III,2015,,Galactic Civilizations,,,,,
247,Gemini Rue,,,,,GOG,,,
248,Getting Over It with Bennett Foddy,,,,,,,,
249,Tom Clancy's Ghost Recon,2001,,Ghost Recon,,GOG,Started,,
250,Ghostbusters: The Video Game Remastered,,,,,,,,
251,Giants: Citizen Kabuto,,,,,GOG,,,
252,Gish,,,,,,,,
253,Gnomoria,,,,,,,,
254,Gone Home,,,,,,,,
255,GoNNER,,,,,,,,
256,Grand Theft Auto V: Premium Edition,,,,,,,,
257,GRID 2,2013,,GRID,,,,,"Bathurst Track Pack,Spa-Francorchamps Track Pack"
258,Grim Fandango Remastered,,,,,GOG,Backlog,,
259,Ground Control Anthology,2000,,Ground Control,,GOG,Started,Includes the original Ground Control along with it's expansion Dark Conspiracy.,
260,Ground Control 2: Operation Exodus - Special Edition,2004,,Ground Control,,GOG,,,
261,Guacamelee! Super Turbo Championship Edition,,,,,Epic Games,,,
262,Gunmetal Arcadia Zero,,,,,,,,
263,Gunpoint,,,,,,,,
264,Guns of Icarus Alliance,2017,,Guns of Icarus,,,,,
265,Guns of Icarus Online,2012,,Guns of Icarus,,,,,
266,Hacknet - Deluxe,,,,,,,,
267,Halcyon 6 Starbase Commander: Lightspeed Edition,,,,,,,,
268,Half-Life,1998,,Half-Life,,,Backlog,,
269,Half-Life 1: Source,2004,,Half-Life,,,,,
270,Half-Life 2,2004,,Half-Life,,,,,
271,Half-Life 2: Episode One,2006,,Half-Life,,,,,
272,Half-Life 2: Episode Two,2007,,Half-Life,,,,,
273,Half-Life: Blue Shift,2001,,Half-Life,,,,,
274,Half-Life: Opposing Force,1999,,Half-Life,,,,,
275,Hammerwatch,,,,,GOG,,,
276,Hand of Fate 2,,,,,,,,
277,Headsnatchers,,,,,,,,
278,Hearthstone,,,,,,,,
279,Heat Signature,,,,,,,,
280,Hell is other demons,,,,,,,,
281,Hell Yeah!,,,,,,,,
282,Hellblade: Senua's Sacrifice,2017,,Hellblade,,GOG,Started,,
283,Hellblade: Senua's Sacrifice VR,2018,,Hellblade,VR,GOG,Backlog,,
284,Her Story,,,,,GOG,Backlog,,
285,Heroes of the Storm,,,,,,,,
286,Hitchhiker,,,,,,,,
287,Hitman (2020),2020,,Hitman,,,,,
288,Hitman: Absolution,2012,,Hitman,,GOG,,,
289,HIVESWAP: Act 1,,,,,,,,
290,Hob,,,,,,,,
291,Hollow Knight,,,,,,,,
292,Holopoint,,,,,,,,
293,Homefront,,,,,,,,
294,Homeworld 2 (Medallion Best Value),2003,,Homeworld,,,,,
295,Homeworld 2 Classic,2003,2015,Homeworld,,"GOG,Epic Games",,,
296,Homeworld 2 Remastered Edition,2003,2015,Homeworld,,"GOG,Epic Games",Backlog,,
297,Homeworld Classic,1999,2015,Homeworld,,"GOG,Epic Games",Started,,
298,Homeworld Remastered Edition,1999,2015,Homeworld,,"GOG,Epic Games",Backlog,,
299,Homeworld: Emergence/Cataclysm,2000,,Homeworld,,GOG,Backlog,,
300,Horizon Chase Turbo,,,,,,,,
301,Hotline Miami,,,,,GOG,Backlog,,
302,Hue,,,,,,,,
303,I am Bread,,,,,,Started,,
304,I Expect You To Die,2017,,I Expect You To Die,VR,"""Humble Store,Steam""",Completed,,
305,I Have No Mouth And I Must Scream,,,,,GOG,,,
306,I LIKE THE FLOWERS,,,,,,,,
307,Icewind Dale 2 Complete,2002,,Icewind Dale,,GOG,Backlog,Includes the original Icewind Dale II and the Adventure Pack,
308,Icewind Dale Complete,2000,,Icewind Dale,,GOG,Backlog,Includes the original Icewind Dale II and the Adventure Pack,
309,Icewind Dale: Enhanced Edition,2000,2014,Icewind Dale,,GOG,Backlog,,
310,Idle Champions of the Forgotten Realms,,,,,,Completed,,Epic Champions of Renown Pack
311,IL-2 Sturmovik: 1946,,,,,GOG,,,
312,INSIDE,,,,,GOG,Backlog,,
313,Insurgency,,,,,,,,
314,Into the Breach,,,,,,Started,,
315,"Invinsible, Inc.",,,,,,Backlog,,Contingency Plan
316,Ironcast,,,,,,,,
317,Jagged Alliance,1995,,Jagged Alliance,,GOG,Started,,
318,Jagged Alliance 2,1999,,Jagged Alliance,,GOG,Started,,
319,Jagged Alliance 2: Gold Pack (Medallion Best Value),1999,2002,Jagged Alliance,,,,Core game + Unfinished Business expansion,
320,Jagged Alliance 2: Unfinished Business,2000,,Jagged Alliance,,GOG,Backlog,,
321,Jagged Alliance 2: Wildfire,2004,,Jagged Alliance,,GOG,Backlog,,
322,Jagged Alliance: Back in Action,2012,,Jagged Alliance,,,,,
323,Jagged Alliance: Deadly Games,1996,,Jagged Alliance,,GOG,Backlog,,
324,Jawns,,,,,,,,
325,Job Simulator,,,,,,,,
326,Jotun: Valhalla Edition,,,,,"GOG,Epic Games",,,
327,Journey of a Roach,,,,,,,,
328,Jurassic World Evolution,,,,,,,,
329,Just Cause 4,,,,,,,,
330,Keep Talking and Nobody Explodes,,,,,,,,
331,Ken Follett's The Pillars of the Earth,,,,,,,,
332,Kerbal Space Program,,,,,Epic Games,,,
333,Keyboard Sports,,,,,,,,
334,Kill The Bad Guy,,,,,,Started,,
335,Killer is Dead - Nightmare Edition,,,,,,,,
336,Killing Floor 2,,,,,,,,
337,Kimmy,,,,,,,,
338,Kingdom New Lands,,,,,,,,
339,Kingdom: Classic,,,,,,,,
340,Kingspray Graffiti,,,,,,,,
341,Knife Club VR,,,,,,,,
342,Knight Club,,,,,,,,
343,Layers of Fear,2016,,Layers of Fear,,,,,Soundtrack
344,Layers of Fear 2,2019,,Layers of Fear,,,,,
345,Left 4 Dead,2008,,Left 4 Dead,,,,,
346,Left 4 Dead 2,2009,,Left 4 Dead,,,,,
347,Legend of Grimrock,,,,,GOG,,,
348,LEGO - Lord of the Rings,2012,,LEGO,,,,,
349,LEGO - The Hobbit,2014,,LEGO,,,,,
350,LEGO Batman 2: DC Super Heroes,2012,,LEGO,,,,,
351,LEGO Batman 3: Beyond Gotham,2014,,LEGO,,,,,
352,LEGO Batman: The Videogame,2008,,LEGO,,,,,
353,Leisure Suit Larry: Magna Cum Laude—Uncut and Uncensored!,2004,,Leisure Suit Larry,,"""Fanatical,Steam""",,,
354,Leisure Suit Larry 1: In the Land of the Lounge Lizards,1987,,Leisure Suit Larry,,"""Fanatical,Steam""",,,
355,Leisure Suit Larry 2: Goes Looking For Love (In Several Wrong Places),1988,,Leisure Suit Larry,,"""Fanatical,Steam""",,,
356,Leisure Suit Larry 3: Passionate Patti in Pursuit of the Pulsating Pectorals,1989,,Leisure Suit Larry,,"""Fanatical,Steam""",,,
357,Leisure Suit Larry 5: Passionate Patti Does a Little Undercover Work,1991,,Leisure Suit Larry,,"""Fanatical,Steam""",,,
358,Leisure Suit Larry 6: Shape Up or Slip Out!,1993,,Leisure Suit Larry,,"""Fanatical,Steam""",,,
359,Leisure Suit Larry 7: Love for Sail!,1996,,Leisure Suit Larry,,"""Fanatical,Steam""",,,
360,Leisure Suit Larry in the Land of the Lounge Lizards: Reloaded,1987,2013,Leisure Suit Larry,,"""Steam,Kickstarter""",Started,,
361,Life is Strange - Complete Season,2015,,Life is Strange,,,Backlog,,
362,Life is Strange: Before the Storm,2017,,Life is Strange,,,Backlog,,Deluxe Upgrade
363,Lifeless Planet: Premier Edition,,,,,,,,
364,Lightfish,,,,,,,,
365,LIMBO,,,,,"GOG,Epic Games",Backlog,,
366,Little Big Adventure (Relentless: Twinsen's Adventure) ,1994,,Little Big Adventure,,"GOG,GOG",Backlog,,
367,Little Big Adventure 2 (Twinsen's Odyssey),1997,,Little Big Adventure,,GOG,Backlog,,
368,Little Inferno,,,,,,,,
369,Lone Echo,,,,VR,Oculus Store,Backlog,,
370,Lost Planet: Extreme Condition,,,,,,,,
371,Lugaru HD,,,,,,,,
372,Lux Delux,,,,,,,,
373,Lycky's Tale,,,,,,,,
374,M.A.X.: Mechanized Assault & Exploration,1996,,M.A.X.,,GOG,,,
375,M.A.X. 2: Mechanised Assault & Exploration,1998,,M.A.X.,,GOG,,,
376,Mable & The Wood,,,,,GOG,,,
377,Machinarium: Collector's Edition,,,,,GOG,Completed,,
378,Mad Games Tycoon,,,,,,,,
379,Magic Carpet,,,,,GOG,,,
380,Magrunner: Dark Pulse,,,,,GOG,,,
381,The Manhole: Masterpiece Edition,,,,,GOG,,,
382,Manual Samuel,,,,,,,,
383,Mark of the Ninja,,,,,,,,Special Edition DLC
384,Marvin The Hatter,,,,,,,,
385,Master of Orion,1993,,Master of Orion,,GOG,,,
386,Master of Orion 2,1996,,Master of Orion,,GOG,,,
387,Max Payne,2001,,Max Payne,,,Started,,
388,Max Payne 2: The Fall of Max Payne,2003,,Max Payne,,,,,
389,McPixel,,,,,,,,
390,MDK,1997,,MDK,,GOG,,,
391,MDK 2,2000,,MDK,,GOG,,,
392,Medal of Honor,1999,,Medal of Honor,,,,,
393,Medal of Honor: Pacific Assault,2004,,Medal of Honor,,,,,
394,Metro: 2033 Redux,2010,,Metro,,GOG,,,
395,Metro: Last Light Redux,2013,,Metro,,GOG,,,
396,Microsoft Flight Simulator 2020: Standard Edition,2020,,Microsoft Flight Simulator,,,Started,,
397,Microsoft Flight Simulator X: Steam Edition,2006,,Microsoft Flight Simulator,,,,,
398,Millennium - A New Hope,,,,,,,,
399,Minecraft,,,,Online Co-Op,,Dropped,,
400,Minit,,,,,,,,
401,Mirror's Edge,,,,,,Completed,,
402,Monkey Island 2 Special Edition: LeChuck's Revenge,1991,,Monkey Island,,GOG,Backlog,,
403,Monkey Island 4: Escape from Monkey Island,2000,,Monkey Island,,,Backlog,,
404,Moss,,,,,,,,
405,Mothergunship,,,,,,,,
406,Mount Your Friends,,,,,,,,
407,Mr. Shifty,,,,,,,,
408,MudRunner,,,,,,,,"Old Timers DLC,The Ridge DLC,The Valley DLC"
409,My Time At Portia,,,,,,,,
410,Myst: Masterpiece Edition,1993,,Myst,,GOG,,,
411,NBA 2K21,,,,,,,,
412,Neighbours From Hell,2003,,Neighbours From Hell,,,,,
413,Neighbours From Hell 2: On Vacation,2004,,Neighbours From Hell,,,,,
414,Neverwinter Nights 2: Complete,2006,,Neverwinter Nights,,GOG,Backlog,,
415,Neverwinter Nights: Diamond Edition,2002,,Neverwinter Nights,,GOG,Backlog,,
416,Nex Machina,,,,,"GOG,""Humble Store,Steam""",Backlog,,
417,Next Up Hero,,,,,,,,
418,Nioh: The Complete Edition,,,,,,,,
419,Noita,,,,,GOG,Started,,
420,Obduction,,,,,GOG,,,
421,Octopath Traveler,,,,,,Started,,
422,Oculus Medium / Medium by Adobe,,,,,,,,
423,Oddworld: Abe's Exoddus,1998,,Oddworld,,GOG,Backlog,,
424,Oddworld: Abe's Oddysee,1997,,Oddworld,,GOG,Started,,
425,Oddworld: New 'n' Tasty,2014,,Oddworld,,,,,
426,Offworld Trading Company,,,,,,,,
427,"Oh, Deer!",,,,,,,,
428,Omikron: The Nomad Soul,,,,,GOG,Started,,
429,One Bit Arena,,,,,,,,
430,Ori and the Blind Forest: Definitive Edition,,,,,,Started,,
431,Orwell: Keeping an Eye On You,2016,,,,"GOG,Epic Games",,,
432,Out of the Park Baseball 15,2014,,Out of the Park Baseball,,,,,
433,Out of the Park Baseball 18,2017,,Out of the Park Baseball,,,,,
434,Outcast,1999,,Outcast,,GOG,Started,,
435,Outcast - Second Contact,1999,2017,Outcast,,,,,Original Soundtrack
436,Outlast,,,,,GOG,,,Whistleblower DLC
437,Overcooked,2016,,Overcooked,,,,,
438,Overcooked 2,2018,,Overcooked,,,,,
439,Overlord,2007,,Overlord,,,,,
440,Overlord II,2009,,Overlord,,,,,
441,Overwatch: Standard Edition,,,,,,,,
442,Owlboy,,,,,GOG,,,
443,Oxenfree,,,,,GOG,,,
444,Oxygen Not Included,,,,,,Started,,"Oxygen Not Included - Spaced Out!,Oxygen Not Included Soundtrack"
445,PAKO - Car Chase Simulator,,,,,,Started,,
446,Paladins,,,,,,,,Epic Pack
447,Panzer General 2,,,,,GOG,,,
448,"Papers, Please",,,,,,Started,,
449,Party Hard,2015,,Party Hard,,GOG,Completed,,
450,Path of Exile,,,,,,,,
451,Pathway,,,,,"""Humble Store,Steam""",,,
452,Pavlov VR,,,,VR,,Backlog,,
453,Paws: A Shelter 2 Game,2016,,Shelter,,GOG,Backlog,,
454,PC Building Simulator,,,,,,,,
455,Penumbra: Overture,,,,,,,,
456,Pikuniku,,,,,"""Humble Store,Steam""",,,
457,Pillars of Eternity: Kickstarter Champion Edition,2017,,Pillars of Eternity,,"""GOG,Obsidian Entertainment""",Backlog,,Pillars of Eternity: Deadfire Pack
458,Pillars of Eternity: Definitive Edition,2017,,Pillars of Eternity,,,Backlog,,
459,Pirates!,1987,,Pirates!,,GOG,,,
460,Pirates! Gold,1987,1993,Pirates!,,GOG,,,
461,Plague Inc: Evolved,,,,,,,,
462,Planescape: Torment,1999,,Planescape: Torment,,GOG,Started,,
463,Planescape: Torment - Enhanced Edition,1999,2017,Planescape: Torment,,GOG,Backlog,,
464,Planetary Annihilation,2014,,Planetary Annihilation,"Online Co-Op,PvP",,Completed,,
465,Planetary Annihilation: Titans,2015,,Planetary Annihilation,"Online Co-Op,PvP",,Completed,,
466,Populous 2: Trials of the Olympian Gods,1991,,Populous,,GOG,,,
467,Populous: The Beginning,1998,,Populous,,GOG,,,
468,Portal,2007,,Portal,,,,,
469,Portal 2,2011,,Portal,,,,,
470,POSTAL 2,2003,,Postal,,GOG,,,
471,Primordia,,,,,GOG,,,
472,Prince of Persia,2008,,Prince of Persia,,GOG,,,
473,Prince of Persia: The Sands of Time,2003,,Prince of Persia,,GOG,,,
474,Prince of Persia: The Two Thrones,2005,,Prince of Persia,,GOG,,,
475,Prince of Persia: Warrior Within,2004,,Prince of Persia,,GOG,,,
476,Prison Architect,,,,,"GOG,Epic Games",,,
477,Project CARS: Digital Edition,,,,,,,,
478,Project Eternity - Digital Fun Pack,,,,,,,,
479,Project Winter,,,,,Epic Games,,,Blackout
480,Psychonauts,,,,,GOG,,,
481,Punch Club,,,,,GOG,,,
482,Quantum Break,,,,,,,,
483,Quiet City,,,,,,,,
484,Quill by Story Studio,,,,,,,,
485,Race Driver: GRID,2008,,GRID,,GOG,Started,,
486,Race the Sun,,,,,GOG,,,
487,Rage 2,,,,,,,,
488,Railway Empire,,,,,,,,
489,Tom Clancy's Rainbow Six,1998,,Rainbow Six,,GOG,Started,,
490,Rainbow Six 3: Raven Shield (Gold Edition),2003,,Rainbow Six,,,Backlog,"'- Raven Shield
- Athena Sword",
491,Rainbow Six: Rogue Spear,1999,,Rainbow Six,,,Completed,,
492,Rainbow Six: Vegas,2006,,Rainbow Six,,,,,
493,Raptor: Call of the Shadows (2010 Edition),,,,,GOG,,,
494,Raw Data,,,,,,,,
495,Real Boxing,,,,,,,,
496,RealFlight 6.5 R/C Flight Simulator,,,,,,Started,"'- InterLink Elite Controller
- Airplane Mega Pack",
497,Rebel Galaxy,,,,,GOG,,,
498,Rebuild 3: Gangs of Deadsville,,,,,,,,
499,Receiver,,,,,,,,
500,Red Faction: Armageddon,,,,,,,,
501,Remnant: From the Ashes,,,,,,,,
502,Renegade Ops,,,,,,,,
503,Republique,,,,,,,,
504,Resident Evil / biohazard HD REMASTER,,,,,,,,
505,Resonance,,,,,GOG,,,
506,Ricochet,,,,,,,,
507,RiME,,,,,,,,
508,Ripcoil,,,,,,,,
509,Rise of the Tomb Raider,2015,,Tomb Raider,,,,,
510,Rising Storm (Game of the Year Edition),2013,,Rising Storm,,,Backlog,,
511,Rising Storm 2: Vietnam,2017,,Rising Storm,,Epic Games,,,
512,Riven: The Sequel to Myst,1997,,Myst,,GOG,,,
513,Road to Ballhalla,,,,,,,,
514,Rocket League,,,,"Online Co-Op,PvP",,Dropped,,
515,RollerCoaster Tycoon 2: Triple Thrill Pack,2002,,RollerCoaster Tycoon,,,,"Includes the entire RollerCoaster Tycoon 2 series, with the original game as well as the Time Twister and Wacky Worlds expansions.",
516,RollerCoaster Tycoon: Deluxe,1999,,RollerCoaster Tycoon,,GOG,,Includes RollerCoaster Tycoon and its two expansions: Corkscrew Follies and Loopy Landscapes.,
517,Runestone Keeper,,,,,,,,
518,S2: Silent Storm Gold Edition,,,,,GOG,Backlog,,
519,Saints Row 2,,,,,GOG,,,
520,Saints Row: The Third Remastered,,,,,,,,
521,Samorost 2,,,,,Epic Games,,,
522,Samurai Shodown,1993,,Samurai Shodown,,,,,
523,Samurai Shodown II,1994,,Samurai Shodown,,,,,
524,Samurai Shodown III,1995,,Samurai Shodown,,,,,
525,Samurai Shodown IV: Amakusa's Revenge,1996,,Samurai Shodown,,,,,
526,Samurai Shodown V,2003,,Samurai Shodown,,,,,
527,Samurai Shodown V: Perfect,2020,,Samurai Shodown,,,,,
528,Samurai Shodown V: Special,2004,,Samurai Shodown,,,,,
529,Sanctum 2,,,,,,,,
530,Satellite Reign,,,,Online Co-Op,"""Steam,Kickstarter"",GOG",Backlog,,
531,Scanner Sombre,,,,,,,,
532,Seasons After Fall,,,,,,,,
533,Serial Cleaner,,,,,,,,
534,Serious Sam VR: The Last Hope,2017,,Serious Sam,VR,,Dropped,,
535,Serious Sam: The First Encounter,2001,,Serious Sam,,GOG,,,
536,Seven: Enhanced Edition,,,,,GOG,,,
537,Shadow Tactics: Blades of the Shogun,2016,,Shadow Tactics,,"GOG,Epic Games",Completed,,"Soundtrack,Artbook + Strategy Guide"
538,Shadow Warrior 2,2016,,Shadow Warrior,,GOG,,,
539,Shadow Warrior Classic Redux,1997,,Shadow Warrior,,GOG,,,
540,Shadow Warrior: Special Edition,1997,2013,Shadow Warrior,,,,,
541,Shadowgate,,,,,GOG,Backlog,,Shadowgate: Special Edition Upgrade
542,Shadowrun Hong Kong Extended Edition,2015,2016,Shadowrun,,,,,
543,Shadowrun Returns,2013,,Shadowrun,,GOG,Backlog,,Shadowrun Returns Deluxe
544,Shadowrun: Dragonfall - Director's Cut,2014,,Shadowrun,,GOG,Backlog,,
545,Shattered Planet,,,,,,,,
546,Shattered Steel,,,,,GOG,Backlog,,
547,Shelter,2013,,Shelter,,GOG,Completed,,
548,Shelter 2 Special Edition,2015,,Shelter,,GOG,Backlog,Special Edition includes the soundtrack.,
549,Sheltered,,,,,,,,
550,Shenmue,1999,2018,Shenmue,,,Started,,
551,Shenmue II,2001,2018,Shenmue,,,Backlog,,
552,Shenmue III,2019,,Shenmue,,"""Steam,Epic Games,Kickstarter""",Backlog,backer password: JO7MT,
553,Sherlock Holmes Crimes and Punishments,,,,,,,,
554,ShootMania Storm,,,,,,,,
555,Sid Meier's Alpha Centauri,,,,,GOG,,,
556,Sid Meier's Civilization III,2001,,Sid Meier's Civilization,,GOG,,,
557,Sid Meier's Civilization IV,2005,,Sid Meier's Civilization,,GOG,,,"Beyond the Sword,Colonization,Warlords"
558,Sid Meier's Civilization V,2010,,Sid Meier's Civilization,,,Completed,,"Babylon (Nebuchadnezzar II),Brave New World,Civilization and Scenario Pack: Denmark The Vikings,Civilization and Scenario Pack: Korea,Civilization and Scenario Pack: Polynesia,Cradle of Civilization: Americas,Cradle of Civilization: Asia,Cradle of Civilization: Mediterranean,Cradle of Civilization: Mesopotamia,Double Civilization and Scenario Pack: Spain and Inca,Explorer’s Map Pack,Gods and Kings,Scrambled Continents Map Pack,Scrambled Nations Map Pack,Wonders of the Ancient World Scenario Pack"
559,Sid Meier's Civilization VI,2016,,Sid Meier's Civilization,,,Completed,,
560,Sid Meier's Railroads!,,,,,,,,
561,Sid Meier’s Ace Patrol,,,,,,,,
562,Sid Meier’s Ace Patrol: Pacific Skies,,,,,,,,
563,Signal Ops,,,,,GOG,,,
564,Silver,,,,,GOG,,,
565,SimCity 2000 Special Edition,,,,,GOG,,,
566,SimplePlanes,,,,,,,,
567,Sine Mora,,,,,,,,
568,Sins of a Solar Empire: Rebellion,,,,,,,,
569,Skull Rogue,,,,,,,,
570,SkyDrift,,,,,,,,
571,Sleeping Dogs: Definitive Edition,,,,,,,,
572,Sludge Life,,,,,,,,
573,Snake Pass,,,,,,,,
574,Solitairica,,,,,,,,
575,SOMA,,,,,GOG,Backlog,,
576,Sonic Mania,,,,,,,,
577,Space Pirate Trainer,,,,,,,,
578,Spacechem,,,,,GOG,,,
579,Spec Ops: The Line,,,,,,,,
580,Speed Brawl,,,,,,,,
581,SpeedRunners,,,,Local Multiplayer,,,,
582,Spelunky,,,,,,,,
583,Tom Clancy's Splinter Cell,2002,,Splinter Cell,,GOG,,,
584,Spoolside,,,,,,,,
585,Star Citizen,,,,,"""Cloud Imperium Games,Kickstarter""",Backlog,,"THE KICKSTARTER: The Electro Skin Hull Enhancement,Origin 300i"
586,Star Wars Battlefront II,2017,,Star Wars: Battlefront,,,,,
587,Star Wars Battlefront II: Celebration Edition,2017,2019,Star Wars: Battlefront,,,,,
588,Star Wars Empire At War: Gold Pack,2006,,Star Wars,,,,,
589,Star Wars Jedi Knight II: Jedi Outcast,2002,,Star Wars: Jedi Knight,,,,,
590,Star Wars Jedi Knight: Dark Forces II,1997,,Star Wars: Jedi Knight,,,,,
591,Star Wars Jedi Knight: Jedi Academy,2003,,Star Wars: Jedi Knight,,,,,
592,Star Wars Knights of the Old Republic,2003,,Star Wars: Knights of the Old Republic,,,Backlog,,
593,Star Wars Knights of the Old Republic II: The Sith Lords,2004,,Star Wars: Knights of the Old Republic,,,Backlog,,
594,Star Wars Republic Commando,2005,,Star Wars,,,,,
595,Star Wars Starfighter,2001,,Star Wars,,,,,
596,Star Wars The Force Unleashed: Ultimate Sith Edition,2008,,Star Wars: The Force Unleashed,,,,,
597,Star Wars: Dark Forces,1995,,Star Wars: Jedi Knight,,,,,
598,Star Wars: The Force Unleashed II,2010,,Star Wars: The Force Unleashed,,,,,
599,Star Wars: X-Wing Alliance,1999,,Star Wars: X-Wing,,GOG,,,
600,Star Wars: X-Wing vs. Tie Fighter,1997,,Star Wars: X-Wing,,GOG,Backlog,,
601,StarCraft,1998,,StarCraft,,,Completed,,
602,StarCraft II: Heart of the Swarm,2013,,StarCraft,,,Backlog,,
603,StarCraft II: Wings of Liberty,2010,,StarCraft,,,Started,,
604,StarCraft: Brood War,1998,,StarCraft,,,Backlog,,
605,StarCrawlers,,,,,GOG,,,
606,Stardew Valley,,,,,GOG,Backlog,,
607,Starseed Pilgrim,,,,,,,,
608,Starward Rogue,,,,,,,,
609,STASIS,,,,,GOG,,,
610,Steep,,,,,,,,
611,Stick It To The Man!,,,,,,,,
612,Stories Untold,,,,,,,,
613,Stranded Deep,,,,,,,,
614,Stranger Things 3: The Game,,,,,,,,
615,Strike Suit Zero,,,,,GOG,,,
616,Stronghold Crusader 2,,,,,,,,
617,Stubbs the Zombie in Rebel Without a Pulse,,,,,,,,
618,Subnautica,,,,,,,,
619,Sunless Sea,,,,,,,,
620,SUPER IMPOSSIBLE ROAD,,,,,,,,
621,Superfrog HD,,,,,,,,
622,Superhot,2016,,Superhot,,"""Humble Store,Steam""",,,
623,Superhot VR,2016,,Superhot,,"""Humble Store,Steam""",Completed,,
624,Supreme Commander,2007,,Supreme Commander,,,,,
625,Supreme Commander,,,,,,,,
626,Supreme Commander (Limited Edition Cybran Faction Pack),2007,,Supreme Commander,,,,,
627,Supreme Commander: Forged Alliance,2007,,Supreme Commander,,,,,
628,Surgeon Simulator: Experience Reality,,,,,,,,
629,Surviving Mars,,,,,,,,
630,Surviving Mars: Digital Deluxe Edition,,,,,,,,
631,SWAT 3: Tactical Game of the Year Edition,2001,,SWAT,,GOG,,The Tactical Game of the Year Edition also includes a special Tactics footage shot on location at the famous Blackwater Training Center.,
632,SWAT 4: Gold Edition,2005,,SWAT,,GOG,Backlog,"SWAT 4: Gold Edition includes both the base game and its expansion, SWAT 4: The Stetchkov Syndicate.",SWAT: Elite Force
633,Syberia,2002,,Syberia,,"GOG,GOG",,,
634,Syberia 2,2004,,Syberia,,"GOG,GOG",,,
635,SYMMETRY,,,,,GOG,,,
636,Symphony,,,,,GOG,,,
637,Syndicate Plus,1993,,Syndicate,,GOG,Completed,Includes Syndicate and the American Revolt expansion.,
638,Syndicate (2012),2012,,Syndicate,,,Backlog,,
639,Syndicate Wars,1996,,Syndicate,,GOG,Backlog,,
640,System Shock 2,1999,,System Shock,,GOG,Started,,
641,System Shock: Enhanced Edition,1994,2015,System Shock,,"GOG,""Humble Store,Steam""",Backlog,,
642,Tabletop Simulator: Cosmic Encounter Connector,,,,,,,"  - Cosmic Incursion
  - Cosmic Conflict
  - Cosmic Alliance
  - Cosmic Storm
  - Cosmic Dominion
- Cosmic Eons",
643,Tacoma,,,,,,,,
644,Takedown: Red Sabre,,,,Online Co-Op,"""Steam,Kickstarter""",Completed,,
645,Tales from the Borderlands,,,,,GOG,,,
646,Tales of Monkey Island,2009,,Monkey Island,,GOG,Backlog,,
647,Tales of the Neon Sea,,,,,,,,
648,TaleSpire,,,,,,,,
649,Team Fortress Classic,,,,,,,,
650,Technobabylon,,,,,GOG,,,
651,Terraria,,,,,,,,
652,Teslagrad,,,,,,,,
653,Tharsis,,,,,,,,
654,The Alto Collection,,,,,,,,
655,The Book of Unwritten Tales,2009,,Book of Unwritten Tales,,GOG,,,
656,The Book of Unwritten Tales: The Critter Chronicles,2012,,Book of Unwritten Tales,,GOG,,,
657,The Bureau: XCOM Declassified,,,,,,,,
658,The Cat Lady,,,,,GOG,,,
659,The Chronicles of Shakespeare: A Midsummer Night's Dream,,,,,,,,
660,The Chronicles of Shakespeare: Romeo & Juliet,,,,,,,,
661,The Climb,,,,,,,,
662,The Dark Eye - Chains of Satinav,,,,,GOG,,,
663,The Darkness II - Standard Edition Retail,,,,,,,,
664,The Dream Machine (Bundle: Chapters 1-6),,,,,,,,
665,The Elder Scrolls III: Morrowind - GOTY Edition,2002,,Elder Scrolls,,GOG,,,
666,The Elder Scrolls IV: Oblivion - GOTY Edition Deluxe,2006,,Elder Scrolls,,GOG,,,
667,The Elder Scrolls V: Skyrim VR,2017,,Elder Scrolls,,,,,
668,The Elder Scrolls: Arena,1994,,Elder Scrolls,,GOG,,,
669,The Elder Scrolls II: Daggerfall,1996,,Elder Scrolls,,GOG,,,
670,The End is Nigh,,,,,,,,
671,The Escapists,2015,,Escapists,,,,,
672,The Escapists 2,2017,,Escapists,,,,,
673,The Fall,,,,,,,,
674,The First Tree,,,,,,,,
675,The Flame in the Flood,,,,,,,,
676,The Guild 2,,,,,,,,
677,The Invisible Hours,,,,,,,,
678,The Journeyman Project 2,,,,,GOG,,,
679,The King of Fighters 2002,,,,,GOG,,,
680,The Last Federation,,,,,,,,
681,The Long Dark,,,,,,Started,,
682,The Longest Journey,1999,,Longest Journey,,GOG,Completed,,
683,The Real Texas,,,,,GOG,,,
684,The Red Solstice,,,,,,,,
685,The Secret of Monkey Island: Special Edition,1990,2009,Monkey Island,,GOG,Backlog,,
686,The Settlers 2: 10th Anniversary,1996,2006,Settlers,,GOG,Backlog,,
687,The Settlers 2: Gold Edition,1996,1997,Settlers,,GOG,Backlog,"Includes the original The Settlers II: Veni, Vidi, Vici and the Mission CD expansion.",
688,The Settlers 3: Ultimate Collection,1998,2000,Settlers,,GOG,Backlog,"Includes the original The Settlers III, The Settlers III: Quest of the Amazons expansion, and The Settlers III Mission CD.",
689,The Settlers 4: Gold Edition,2001,2002,Settlers,,GOG,Backlog,Includes the original The Settlers IV and its two expansions: The Settlers IV: The Trojans and the Elixir of Power and The Settlers IV Mission CD along with a random map generator.,
690,The Showdown Effect,,,,,,,,
691,The Shrouded Isle,,,,,,,,
692,The Sims 2 Ultimate Collection,2004,2014,The Sims,,,,,
693,The Sims 3,2009,,The Sims,,,,,Date Night DLC
694,The Spectrum Retreat,,,,,,,,
695,The Stanley Parable,,,,,,Completed,,
696,The Talos Principle,,,,,,,,
697,The Temple of Elemental Evil,,,,,GOG,Backlog,,
698,The Textorcist: The Story of Ray Bibbia,,,,,,,,
699,The Ultimate DOOM,1995,,Doom,,GOG,,,
700,The Unspoken,,,,,,,,
701,The Vanishing of Ethan Carter,,,,,Epic Games,Backlog,,
702,The Walking Dead: Season 1,2012,,Walking Dead,,GOG,Completed,,The Walking Dead: 400 Days
703,The Walking Dead: Season 2,2013,,Walking Dead,,GOG,Started,,
704,The Whispered World: Special Edition,,,,,GOG,,,
705,The Witcher 2: Assassins Of Kings,2011,,Witcher,,GOG,Backlog,,
706,The Witcher 3: Wild Hunt,2015,,Witcher,,,Backlog,,"Blood and Wine,The Witcher 3: Wild Hunt - Free DLC Program,Hearts of Stone"
707,The Witcher: Enhanced Edition,2007,,Witcher,,GOG,Started,,
708,The Wolf Among Us,,,,,GOG,Backlog,,
709,The World Next Door,,,,,,,,
710,Theme Hospital,,,,,GOG,Backlog,,
711,Theme Park,,,,,GOG,,,
712,Thief Gold,1998,,Thief,,GOG,Started,THIEF GOLD includes THIEF THE DARK PROJECT and the GOLD update (three new campaign missions which deepen the plot and five new types of enemies).,
713,Thief 2: Metal Age,2000,,Thief,,GOG,Started,,
714,Thief 3: Deadly Shadows,2004,,Thief,,GOG,,,
715,Thimbleweed Park,,,,,,,,
716,This War of Mine - Humble Deluxe Edition,,,,,,Started,,
717,Thomas Was Alone,,,,,,,,
718,THOR.N,,,,,,,,
719,Tilt Brush,,,,VR,Oculus Store,,,
720,Tiny Echo,,,,,,,,
721,To The Moon,,,,,GOG,,,
722,Tom Clancy's The Division,2016,,The Division,,,Completed,,"Season Pass,Frontline Outfit Pack,Last Stand,Survival,Underground"
723,Tomb Raider (2013) GOTY Edition,2013,,Tomb Raider,,Epic Games,Backlog,,
724,Tomb Raider 1,1996,,Tomb Raider,,GOG,,,
725,Tomb Raider 2,1997,,Tomb Raider,,GOG,,,
726,Tomb Raider 3,1998,,Tomb Raider,,GOG,,,
727,Tomb Raider: The Angel of Darkness,2003,,Tomb Raider,,GOG,,,
728,Tomb Raider: The Last Revelation + Chronicles,1999,,Tomb Raider,,GOG,,,
729,Torchlight,2009,,Torchlight,,GOG,,,
730,Torchlight II,2012,,Torchlight,,,Started,,
731,Torment: Tides of Numenera,2017,,Planescape: Torment,,"""GOG,Kickstarter""",Backlog,,
732,Tormentor x Punisher,,,,,,,,
733,Total Annihilation,1997,,Total Annihilation,,,Started,,"Battle Tactics,The Core Contingency"
734,Total Annihilation: Battle Tactics,1998,,Total Annihilation,,,,,
735,Total Annihilation: The Core Contingency,1998,,Total Annihilation,,,,,
736,Total War: Medieval II,2006,,Total War,,,,,
737,Total War: Rome,2004,,Total War,,,,,
738,Total War: Rome II,2013,,Total War,,,Started,,"Blood & Gore,Greek States Culture Pack,Nomadic Tribes Culture Pack"
739,Total War: Shogun 2,2011,,Total War,,,Started,,
740,Totally Accurate Battle Simulator,,,,,,,,
741,Totally Reliable Delivery Service,,,,,,,,
742,Tower of Time,,,,,GOG,,,
743,Train Sim World 2,,,,,,,,
744,Train Simulator 2017: Standard Edition,,,,,,,,"Platform Clutter Pack,Town Scenery Pack"
745,Trainz Simulator 12,,,,,,,,
746,Transistor (+ Soundtrack),,,,,,,,
747,Treasure Adventure Game,,,,,GOG,,,
748,Trine 2: Complete Story,2011,2013,Trine,,GOG,,Trine 2: Complete Story fully integrates the Goblin Menace expansion campaign and the all-new unlockable Dwarven Caverns level into one mighty fairytale.,
749,Trine: Enchanted Edition,2009,2014,Trine,,GOG,,Trine Enchanted Edition is a remake of the original Trine with dazzling new visual effects and numerous gameplay improvements! Both Trine Enchanted Edition as well as the original Trine are included in the Enchanted Edition. The different versions are selectable from the game launcher.,
750,Tropico 3,2009,,Tropico,,GOG,,,
751,Tropico 4,2011,,Tropico,,GOG,,,
752,Tropico 5,2014,,Tropico,,,,,
753,"Truth & Trolls (""9 Year Old Builds Her First RPG"")",,,,,Kickstarter,,,
754,Turok 2,,,,,,,,
755,Two Point Hospital,,,,,Epic Games,Started,,
756,Typing of the Dead: Overkill,,,,,,,,
757,Tyranny - Gold Edition,,,,,,,,
758,Ultima 4: Quest of the Avatar,1985,,Ultima,,GOG,,,
759,Ultima Underworld: The Stygian Abyss,1992,,Ultima,,GOG,,,
760,Ultima Underworld II: Labyrinth of Worlds,1993,,Ultima,,GOG,,,
761,Ultima: Worlds of Adventure 2: Martian Dreams,1991,,Ultima,,GOG,,,
762,Underrail,,,,,,,,
764,Unreal Gold,,,,,GOG,,,
765,Uphill Skiing,,,,,,,,
766,Uurnog,,,,,,,,
767,Valiant Hearts - The Great War,,,,,,,,
768,Valkyria Chronicles,,,,,,,,
769,Verdun,,,,,,,,
770,Void Bastards,,,,,,,,
771,Volantia: Kingdom in the Sky,,,,,,,,
772,Volgarr the Viking,,,,,,,,
773,VR Sports Challenge,,,,,,,,
774,Wanderlust: Transsiberian,,,,,GOG,,,
775,Warcraft III: Reign of Chaos (Best Seller Series),,,,,,,,
776,Wargame: Red Dragon,,,,,,,,"Norse Dragons,Russian Roulette 10v10 Map,Second Korean War,The Millionth Mile"
777,"Warhammer 40,000: Dawn of War II",2009,,"Warhammer 40,000",,,,,
778,"Warhammer 40,000: Dawn of War III",2017,,"Warhammer 40,000",,,,,
779,"Warhammer 40,000: Rites of War",1999,,"Warhammer 40,000",,GOG,,,
780,"Warhammer 40,000: Space Marine",2011,,"Warhammer 40,000",,,,,
781,Warsow,,,,,GOG,,,
782,Wasteland 2 Director's Cut Digital Classic Edition,,,,,GOG,Backlog,,
783,Watch Dogs,2014,,Watch Dogs,,,,,
784,Watch Dogs 2,2016,,Watch Dogs,,,,,
785,What Remains of Edith Finch,,,,,,Backlog,,
786,Wheels of Aurelia,,,,,,,,
787,Where the Water Tastes Like Wine,,,,,,,,
788,Whispering Willows,,,,,GOG,,,
789,Wildlife Park 3,,,,,,,,
790,Wilmot's Warehouse,,,,,,,,
791,Wilson's Heart,,,,VR,,Completed,,
792,Wing Commander,1990,,Wing Commander,,GOG,,,
793,Wing Commander 2: Vengeance of the Kilrathi,1991,,Wing Commander,,GOG,,,
794,Wing Commander 3: Heart of the Tiger,1994,,Wing Commander,,GOG,,,
795,Wing Commander 4: The Price of Freedom,1996,,Wing Commander,,GOG,,,
796,Wing Commander 5: Prophecy (Gold Edition),1997,,Wing Commander,,GOG,,,
797,Wing Commander Privateer 2: The Darkening,1996,,Wing Commander,,GOG,,,
798,Wing Commander: Academy,1993,,Wing Commander,,GOG,,,
799,Wing Commander: Armada,1994,,Wing Commander,,GOG,,,
800,Wing Commander: Privateer,1993,,Wing Commander,,GOG,,,
801,World in Conflict - Complete Edition,,,,,,,,
802,World of Goo,,,,,,Completed,,
803,World War Z,,,,,,,,
804,Worlds of Ultima: The Savage Empire,1990,,Ultima,,GOG,,,
805,Worms 2,1997,,Worms,Local Multiplayer,GOG,,,
806,Worms Armageddon,1999,,Worms,Local Multiplayer,GOG,,,
807,Worms Blast,2002,,Worms,,,,,
808,Worms Crazy Golf,2011,,Worms,,,,,
809,Worms Pinball,1999,,Worms,,,,,
810,Worms Revolution Gold,2012,,Worms,,,,,
811,Worms Ultimate Mayhem,2011,,Worms,,,,,
812,Worms United,1996,,Worms,,GOG,,Worms + Worms: Reinforcements,
813,Worms World Party,2001,,Worms,,,,,
814,Wrath of the Dead Rabbit,,,,,,,,
815,X-COM: Apocalypse,1997,,XCOM,,GOG,,,
816,X-COM: Enforcer,2001,,XCOM,,GOG,,,
817,X-COM: Interceptor,1998,,XCOM,,GOG,,,
818,X-COM: Terror from the Deep,1995,,XCOM,,GOG,,,
819,X-COM: UFO Defense,1994,,XCOM,,GOG,,,
820,X-Plane 11,,,,,,,,
821,XCOM: Enemy Unknown,2012,,XCOM,,,Backlog,,"Elite Soldier Pack,Slingshot Pack,Elite Soldier Pack,Slingshot Pack,XCOM: Enemy Within"
822,Xenonauts,,,,,GOG,,,
823,Yojimbrawl,,,,,,,,
824,Yoku's Island Express,,,,,"""Humble Store,Steam""",,,
825,Yooka-Laylee,,,,,,,,
826,Ziggurat,,,,,GOG,,,
827,Zombie Night Terror,,,,,GOG,,,Zombie Night Terror Special Edition Upgrade
828,Undertale,,,,,,Backlog,,Soundtrack
829,Jill of the Jungle: The Complete Trilogy,,,,,GOG,,,
830,POSTAL: Classic and Uncut,1997,2003,Postal,,GOG,,Includes the original POSTAL and the Special Delivery Expansion Pack,
831,Shadow Warrior Classic Complete,1997,,Shadow Warrior,,GOG,,Shadow Warrior Complete includes the original Shadow Warrior and two expansions: Wanton Destruction and Twin Dragon.,
832,Eschalon: Book I,,,,,GOG,,,
833,The Lords of Midnight,,,,,GOG,,,
834,Flight of the Amazon Queen,,,,,GOG,,,
835,Sang-Froid: Tales of Werewolves,,,,,GOG,,,
836,Doomdark's Revenge,,,,,GOG,,,
837,Ascendant,,,,,GOG,,,
838,Akalabeth: World of Doom,,,,,GOG,,,
839,Overload - Playable Teaser,,,,,GOG,,,
840,Bio Menace,,,,,GOG,,,
841,War Wind,,,,,GOG,,,
842,Sunrider: Mask of Arcadius,,,,,GOG,,,
843,Hello Neighbor Alpha Version,,,,,GOG,,,
844,Epsilon,,,,,"""Steam,Kickstarter""",,,
845,Final DOOM,1996,,Doom,,GOG,,,
846,DEFCON,,,,,GOG,,,
847,The Witcher 3: Wild Hunt - Game of the Year Edition,2015,,Witcher,,GOG,Backlog,,
848,Stargunner,,,,,GOG,,,
849,Cultures: 8th Wonder of the World,2003,,Cultures,,GOG,,,
850,Tyrian 2000,,,,,GOG,,,
851,Another World: 20th Anniversary Edition,,,,,GOG,Completed,,
852,Tex Murphy 1 - Mean Streets,1989,,Tex Murphy,,GOG,,,
853,Tex Murphy 2 - Martian Memorandum,1991,,Tex Murphy,,GOG,,,
854,Teenagent,,,,,GOG,,,
855,Beneath a Steel Sky,,,,,GOG,,,
856,Lure of the Temptress,,,,,GOG,,,
857,DARQ: Complete Edition,,,,,Epic Games,,,
858,Pistol Whip,2019,,,,Steam,,,
859,Aven Colony,,,,,Epic Games,,,
860,Tiny Tina's Assault on Dragon Keep: A Wonderlands One-shot Adventure,,,,,Epic Games,,,
861,Rogue Company,,,,,Epic Games,,,
862,VRChat,,,,VR,Steam,Backlog,,
863,Guild of Dungeoneering,,,,,Epic Games,,,
864,KID A MNESIA EXHIBITION,,,,,Epic Games,,,
865,Never Alone (Kisima Ingitchuna),,,,,Epic Games,,,
866,theHunter: Call of the Wild,,,,,Epic Games,,,
867,Antstream Arcade,,,,,Epic Games,,,Antstream - Epic Welcome Pack
868,Half-Life: Alyx,2020,,Half-Life,VR,Steam,Backlog,,
869,DCS: A-10C II Tank Killer,,,DCS World,,Steam,Backlog,,
870,Crime Cities,,,,,GOG,,,
871,Dead by Daylight,,,,,Epic Games,,,
872,while True: learn (),,,,,Epic Games,,,
873,Godfall Challenger Edition,,,,,Epic Games,,,
874,Neon Abyss,,,,,Epic Games,,,
875,Snowball,,,,,"""Indiegala,DDL""",,,
876,NORTH,,,,,"""Indiegala,DDL""",,,
877,Dying Light 2 Stay Human,2022,,Dying Light,,"""Gamesplanet,Steam""",,,Pre-order pack
878,Loop Hero,,,,,Epic Games,Started,,
879,Second Extinction,,,,,Epic Games,,,
880,Mutant Year Zero: Road to Eden,,,,,Epic Games,,,
881,Vampyr,,,,,Epic Games,,,
882,Pathfinder: Kingmaker - Enhanced Plus Edition,,,,,Epic Games,,,
883,Prey,,,,,Epic Games,,,
884,Mages of Mystralia,,,,,Epic Games,,,
885,Moving Out,,,,,Epic Games,,,
886,Salt and Sanctuary,,,,,Epic Games,,,
887,Shadow of the Tomb Raider: Definitive Edition,2018,,Tomb Raider,,Epic Games,Backlog,,
888,Rise of the Tomb Raider: 20 Year Celebration,2015,2016,Tomb Raider,,Epic Games,Backlog,,
889,Iratus: Lord of the Dead,,,,,"GOG,Epic Games",,,
890,Gods Will Fall,,,,,Epic Games,,,
891,Relicta,,,,,Epic Games,,,
892,DAEMON X MACHINA,,,,,Epic Games,,,
893,Zenith MMO,,,,"VR,Online Co-Op",Steam,Started,,
894,Hades,,,,,Epic Games,Started,,
895,Journey,,,,,Epic Games,Backlog,,
896,Yooka-Laylee and the Impossible Lair,,,,,Epic Games,,,
897,Windbound,,,,,Epic Games,,,
898,Brothers: A Tale of Two Sons,,,,,"Epic Games,""Humble Store,Steam""",,,
899,Lost Ark,,,,,Steam,,,
900,Cris Tales,,,,,Epic Games,,,
901,Elden Ring,2022,,Souls,,"""Indiegala,Steam""",Started,,
902,Black Widow: Recharged,,,,,Epic Games,,,
903,Centipede: Recharged,,,,,Epic Games,,,
904,Dauntless,,,,,Epic Games,,,Epic Slayer Kit
905,In Sound Mind,,,,,Epic Games,,,
906,Total War: WARHAMMER,2016,,Total War,,Epic Games,Backlog,,
907,City of Brass,,,,,Epic Games,,,
908,Back 4 Blood,,,,,"""Humble Store,Steam""",,,
909,Satisfactory,,,,,"""Humble Store,Steam""",Backlog,,
910,Metro Exodus,2019,,Metro,,"""Humble Store,Steam""",,,
911,Sunset Overdrive,,,,,"""Humble Store,Steam""",,,
912,Fable Anniversary,,,,,"""Humble Store,Steam""",,,
913,Spyro Reignited Trilogy,,,,,"""Humble Store,Steam""",,,
914,Slay the Spire,,,,,"""Humble Store,Steam""",,,
915,PGA Tour 2K21,,,,,"""Humble Store,Steam""",,,
916,Starbound,,,,,"""Humble Store,Steam""",,,
917,Car Mechanic Simulator 2018,,,,,"""Humble Store,Steam"",Epic Games",,,
918,Monaco: What's Yours Is Mine,,,,,"""Humble Store,Steam""",,,
919,Supraland,,,,,"""Humble Store,Steam"",Epic Games",,,
920,Ring of Pain,,,,,"""Humble Store,Steam"",Epic Games",,,
921,Popup Dungeon,,,,,"""Humble Store,Steam""",,,
922,Wizard of Legend,,,,Local Co-Op,"""Humble Store,Steam"",Epic Games",,,
923,Wandersong,,,,,"""Humble Store,Steam""",,,
924,Expeditions: Viking,,,,,"""Humble Store,Steam""",,,
925,Vagante,,,,,"""Humble Store,Steam""",,,
926,Skullgirls 2nd Encore,,,,,"""Humble Store,Steam""",,,
927,Endless Space 2,,,,,"""Humble Store,Steam""",,,
928,Wargroove,,,,,"""Humble Store,Steam""",,,
929,Ryse: Son of Rome,,,,,"""Humble Store,Steam""",,,
930,Inmost,,,,,"""Humble Store,Steam""",,,
931,Rustler,,,,,"""Humble Store,Steam""",,,
932,112 Operator,,,,,"""Humble Store,Steam"",Epic Games",,,
933,911 Operator,,,,,"""Humble Store,Steam"",Epic Games",,,
934,Radio Commander,,,,,"""Humble Store,Steam""",,,
935,Amnesia: Rebirth,2020,,Amnesia,,"""Humble Store,Steam"",Epic Games",,,
936,Kingdom Two Crowns,,,,,"""Humble Store,Steam""",,,
937,West of Dead,,,,,"""Humble Store,Steam""",,,
938,Tooth and Tail,,,,,"""Humble Store,Steam""",,,
939,Dear Esther: Landmark Edition,,,,,"""Humble Store,Steam""",,,
940,Driftland: The Magic Revival,,,,,"""Humble Store,Steam""",,,
941,WARSAW,,,,,"""Humble Store,Steam""",,,
942,Toejam & Earl: Back in the Groove,,,,,"""Humble Store,Steam""",,,
943,Book of Demons,,,,,"""Humble Store,Steam"",GOG",,,
944,Iron Danger,,,,,"""Humble Store,Steam""",,,
945,Fury Unleashed,,,,,"""Humble Store,Steam""",,,
946,X-Morph: Defense,,,,,"""Humble Store,Steam""",,,"European Assault,Survival of the Fittest,Last Bastion"
947,Motorcycle Mechanic Simulator 2021,,,,,"""Humble Store,Steam""",,,
948,Out of Reach: Treasure Royale,,,,,"""Humble Store,Steam""",,,
949,ΔV: Rings of Saturn,,,,,"""Humble Store,Steam""",,,
950,Gloria Victis,,,,,"""Humble Store,Steam"",GOG",,,
951,EarthX,,,,,"""Humble Store,Steam""",,,
952,Neverout,,,,,"""Humble Store,Steam""",,,
953,Telefrag VR,,,,,"""Humble Store,Steam""",,,
954,Pawnbarian,,,,,"""Humble Store,Steam""",,,
955,Say No! More,,,,,"""Humble Store,Steam""",,,
956,NecroWorm,,,,,"""Humble Store,Steam""",,,
957,Hexologic,,,,,"""Humble Store,Steam""",,,
958,Post Void,,,,,"""Humble Store,Steam""",,,
959,Moon Hunters,,,,,"""Humble Store,Steam""",,,
960,Lust from Beyond: M Edition,,,,,"""Humble Store,Steam""",,,
961,The Amazing American Circus,,,,,"""Humble Store,Steam""",,,
962,Roarr! Jurassic Edition,,,,,"""Humble Store,Steam""",,,
963,Corridor Z,,,,,"""Humble Store,Steam""",,,
964,Draw Slasher,,,,,"""Humble Store,Steam""",,,
965,Shing!,,,,,"""Humble Store,Steam""",,,
966,The USB Stick Found in the Grass,,,,,"""Humble Store,Steam""",,,
967,Go Home Dinosaurs!,,,,,"""Humble Store,Steam""",,,
968,Dagon: by H. P. Lovecraft,,,,,"""Humble Store,Steam"",GOG",,,The Eldritch Box
969,We are alright,,,,,"""Humble Store,Steam""",,,
970,Going Under,,,,,"""Humble Store,Steam""",,,
971,Soulblight,,,,,"""Humble Store,Steam""",,,
972,Treasure Hunter Simulator,,,,,"""Humble Store,Steam""",,,
973,Orbital Racer,,,,,"""Humble Store,Steam""",,,
974,Lust for Darkness,,,,,"""Humble Store,Steam""",,,
975,GameGuru,,,,,"""Humble Store,Steam""",,,
976,RPG Maker VX,,,,,"""Humble Store,Steam""",,,
977,Liberated,,,,,"""Humble Store,GOG""",,,
978,Wanderlust: Travel Stories,,,,,"""Humble Store,GOG""",,,
979,Max Payne 3,2012,,Max Payne,,"""Humble Store,Rockstar Games""",,,
980,Atari Vault,,,,,Steam,,"FULL GAME LIST:
3D Tic Tac Toe - 2600
Adventure - 2600
Air Sea Battle - 2600
Asteroids® - 2600
Asteroids® - Arcade
Asteroids Deluxe® - Arcade
Backgammon - 2600
Basic Math - 2600
Basketball - 2600
Black Widow - Arcade
Blackjack - 2600
Bowling - 2600
Brain Games - 2600
Breakout® - 2600
Canyon Bomber® - 2600
Casino - 2600
Centipede - 2600
Centipede® - Arcade
Championship Soccer - 2600
Checkers - 2600
Chess - 2600
Circus Atari® - 2600
Atari: Codebreaker™ - 2600
Combat® - 2600
Combat 2 - 2600
Concentration - 2600
Crystal Castles® - 2600
Crystal Castles® - Arcade
Demons to Diamonds - 2600
Desert Falcon - 2600
Dodge-Em 2600
Double Dunk - 2600
Fatal Run - 2600
Flag capture - 2600
Football - 2600
Golf - 2600
Gravitar® - 2600
Gravitar® - Arcade
Hangman - 2600
Haunted House® - 2600
Homerun - 2600
Human Cannonball - 2600
Liberator - Arcade
Lunar Lander® - Arcade
Major Havoc® - Arcade
Maze Craze - 2600
Millipede® - 2600
Millipede® - Arcade
Miniature Golf - 2600
Missile Command® - 2600
Missile Command® - Arcade
Night Driver - 2600
Off the Wall - 2600
Outlaw - 2600
Pong® - Arcade
Quadrun - 2600
Race - 2600
Radar Lock - 2600
RealSports® Baseball - 2600
RealSports® Basketball - 2600
RealSports® Boxing - 2600
RealSports® Football - 2600
RealSports® Soccer - 2600
RealSports® Tennis - 2600
RealSports® Volleyball - 2600
Red Baron - Arcade
Return to Haunted House® - 2600
Save Mary - 2600
Secret Quest - 2600
Sentinel - 2600
Sky Diver - 2600
Slot Machine - 2600
Slot Racers - 2600
Sword Quest Fireworld - 2600
Space Duel - Arcade
Space War - 2600
Sprint - Arcade
Sprint Master - 2600
Star Raiders® - 2600
Starship - 2600
Steeplechase - 2600
Stellar Track - 2600
Street Racer - 2600
Stunt Cycle - 2600
Submarine Commander® - 2600
Super Baseball - 2600
Super Breakout® - Arcade
Super Breakout -2600
Super Football - 2600
Surround - 2600
Sword Quest Earthworld - 2600
Sword Quest Waterworld - 2600
Tempest® - 2600
Tempest® - Arcade
Video Cube - 2600
Video Olympics - 2600
Video Pinball - 2600
Warlords® - 2600
Warlords® - Arcade
Yars Revenge® - 2600",
981,Besiege,,,,,Steam,,,
982,FRAMED Collection ,,,,,Steam,,FRAMED and FRAMED 2,
983,Party Hard 2,2018,,Party Hard,,Steam,Started,,
984,The Bridge,,,,,"Steam,Epic Games",,,
985,VVVVVV,,,,,,,,
986,Slinger VR,,,,,"""Humble Store,Steam""",,,
987,Pixplode,,,,,"""Humble Store,Steam""",,,
988,Rogue Legacy,,,,,Epic Games,,,
989,Insurmountable,,,,,Epic Games,,,
990,XCOM 2,2016,,XCOM,,Epic Games,Backlog,,
991,Riverbond,,,,,Epic Games,,,
992,Just Die Already,,,,,Epic Games,,,
993,Paradigm,,,,,Epic Games,,,
994,Terraforming Mars,,,,,Epic Games,,,
995,Redout: Enhanced Edition,,,,,Epic Games,,,
996,Borderlands 3,,,,,Epic Games,,,
997,BioShock 2 Remastered,2010,,BioShock,,Epic Games,Backlog,,
998,BioShock Infinite: The Complete Edition,2013,,BioShock,,Epic Games,Backlog,,
999,Wolfenstein: The New Order,,,,,Epic Games,,,
1000,Maneater,,,,,Epic Games,,,
1001,Gloomhaven,,,,Online Co-Op,"Steam,Epic Games",Started,,
1002,The Cycle: Frontier,,,,,Steam,,,
1003,A Game Of Thrones: The Board Game Digital Edition,,,,,Epic Games,,,
1004,Geneforge 1: Mutagen,,,,,Epic Games,,,
1005,Geneforge 1: Mutagen,,,,,,,,
1006,Hood: Outlaws & Legends,,,,,Epic Games,,,
1007,Ancient Enemy,,,,,"Epic Games,GOG",,,
1008,Wonder Boy: The Dragon's Trap,,,,,Epic Games,,,
1009,Kayak VR: Mirage,,,,VR,Steam,Started,,
1010,MechWarrior 5: Mercenaries - JumpShip Edition,2019,2021,,VR,Epic Games,Backlog,,"MechWarrior 5: Heroes of the Inner Sphere,MechWarrior 5: Legend of the Kestrel Lancers,MechWarrior 5: Mercenaries Digital Extras"
1011,Tannenberg,,,,,Epic Games,,,
1012,"Cook, Serve, Delicious! 3?!",,,,,Epic Games,,,
1013,BATTALION: Legacy,,,,,Steam,,,
1014,Rumbleverse,,,,,Epic Games,,,"Boom Boxer Content Pack,Epic Cheerleader Pack"
1015,DOOM 64,1997,2020,Doom,,Epic Games,,,
1016,DiRT Rally 2.0 Game of the Year Edition,2019,2020,DiRT,VR,Steam,Started,,
1017,Shadow Tactics: Blades of the Shogun - Aiko's Choice,2021,,Shadow Tactics,,"GOG,Epic Games",Backlog,,Soundtrack
1018,Submerged: Hidden Depths,,,,,Epic Games,,,
1019,Hundred Days - Winemaking Simulator,,,,,Epic Games,,,
1020,Realm Royale Reforged,,,,,Epic Games,,,Realm Royale Reforged Epic Launch Bundle
1021,Spirit of the North,,,,,Epic Games,,,
1022,The Captain,,,,,Epic Games,,,
1023,Runbow,,,,,Epic Games,,,
1024,The Drone Racing League Simulator,,,,,Epic Games,,,
1025,Rising Hell,,,,,Epic Games,,,
1026,Slain: Back From Hell,,,,,Epic Games,,,
1027,Darkwood,,,,,Epic Games,,,
1028,ToeJam & Earl: Back in the Groove!,,,,,Epic Games,,,
1029,Evoland Legendary Edition,,,,,Epic Games,,,
1030,Saturnalia,,,,,Epic Games,,,
1031,"Warhammer 40,000: Mechanicus",,,,,Epic Games,,,
1032,Filament,,,,,Epic Games,,,
1033,Warhammer: Vermintide 2,,,"Warhammer 40,000",,Epic Games,,,
1034,Deep Rock Galactic,,,,Online Co-Op,Steam,Started,,
1035,Alba - A Wildlife Adventure,,,,,Epic Games,,,
1036,Alba - A Wildlife Adventure,,,,,,,,
1037,Dark Deity,,,,,Epic Games,,,
1038,Evil Dead: The Game,,,,,Epic Games,,,
1039,Cook-Out,,,,,"""Humble Store,Steam""",,,
1040,Acron: Attack of the Squirrels,,,,,"""Humble Store,Steam""",,,
1041,Until You Fall,,,,,"""Humble Store,Steam""",,,
1042,The Wizards - Dark Times,,,,,"""Humble Store,Steam""",,,
1043,Sairento VR,,,,,"""Humble Store,Steam""",,,
1044,Car Mechanic Simulator VR,,,,,"""Humble Store,Steam""",,,
1045,Shooty Fruity,,,,,"""Humble Store,Steam""",,,
1046,The Curious Tale of the Stolen Pets,,,,,"""Humble Store,Steam""",,,
1047,A Fisherman's Tale,,,,,"""Humble Store,Steam""",,,
1048,Star Wars: Squadrons,2020,,Star Wars,,Epic Games,,,
1049,Total War: THREE KINGDOMS,2019,,Total War,,"""Fanatical,Steam""",Backlog,,
1050,Fort Triumph,,,,,Epic Games,,,
1051,RPG in a Box,,,,,Epic Games,,,
1052,VRoid Studio,,,,,Steam,,,
1053,Saints Row IV Re-Elected,,,,,Epic Games,,,
1054,Wildcat Gun Machine,,,,,Epic Games,,,
1055,King of Seas,,,,,GOG,,,
1056,Them's Fightin' Herds,,,,,Epic Games,,,
1057,LEGO Builder's Journey,,,,,Epic Games,,,
1058,Encased,,,,,Epic Games,,,
1059,Death Stranding,,,,,Epic Games,,,
1060,F.I.S.T.: Forged In Shadow Torch,,,,,Epic Games,,,
1061,Untitled Goose Game,,,,,Steam,Backlog,,
1062,Mortal Shell,,,,,Epic Games,,,
1063,Dishonored - Definitive Edition,,,,,Epic Games,,,
1064,Eximius: Seize the Frontline,,,,,Epic Games,,,
1065,Divine Knockout (DKO),,,,,Epic Games,,,
1066,First Class Trouble,,,,,Epic Games,,,
1067,Gamedec - Definitive Edition,,,,,Epic Games,,,
1068,Epistory - Typing Chronicles,,,,,Epic Games,,,
1069,Adios,,,,,Epic Games,,,
1070,Hell is Others,,,,,Epic Games,,,
1071,City of Gangsters,,,,,Epic Games,,,
1072,Dishonored: Death of the Outsider,,,,,Epic Games,,,
1073,Recipe For Disaster,,,,,Epic Games,,,
1074,Warpips,,,,,Epic Games,,,
1075,"Biing!: Sex, Intrigue and Scalpels",,,,,GOG,,,
1076,Duskers,,,,,Epic Games,,,
1077,ZERO Sievert,,,,,Steam,Started,,
1078,Rise of Industry,,,,,Epic Games,,,
1079,Call of the Sea,,,,,Epic Games,,,
1080,Chenso Club,,,,Local Co-Op,"""Fanatical,Steam""",,,
1081,"Warhammer 40,000: Gladius - Relics of War",,,"Warhammer 40,000",,"Epic Games,GOG",,,
1082,Chess Ultra,,,,,Epic Games,,,
1083,World of Warships,,,,,Epic Games,,,"World of Warships - Starter Pack: Ishizuchi,World of Warships — Starter Pack: Albany,World of Warships - Anniversary Party Favor"
1084,The Silent Age,,,,,Epic Games,,,
1085,Tunche,,,,,Epic Games,,,
1086,shapez,,,,,Epic Games,,,
1087,Peaky Blinders: Mastermind,,,,,"""Fanatical,Steam""",,,
1088,Beyond Blue,,,,,Epic Games,,,
1089,Breathedge,,,,,Epic Games,,,
1090,Poker Club,,,,,Epic Games,,,
1091,Against All Odds,,,,,Epic Games,,,
1092,Kao the Kangaroo,,,,,Epic Games,,,
1093,Hotshot Racing,,,,,"""Fanatical,Steam""",,,
1094,The Sims 4,,,,,Epic Games,,,"The Sims 4: Jungle Adventure,The Sims 4: Luxury Party Stuff,The Sims 4: Fashion Street Kit"
1095,Fiendish Freddy's Big Top o' Fun,,,,,GOG,,,
1096,"Final Liberation: Warhammer Epic 40,000",1997,,"Warhammer 40,000",,GOG,,,
1097,Tell Me Why,,,,,Steam,,,
1098,Midnight Ghost Hunt,,,,,Epic Games,,,
1099,PAYDAY 2,,,,,Epic Games,,,
1100,Alchemy Garden,,,,,"""Fanatical,Steam""",,,
1101,Guacamelee! 2,,,,,Epic Games,,,
1102,Hell Division,,,,,GOG,,,
1103,The Dungeon Of Naheulbeuk: The Amulet Of Chaos,,,,,Epic Games,,,
1104,GRIME,,,,,Epic Games,,,
1105,Train Valley 2,,,,,Epic Games,,,
1106,Jagged Alliance 3,2023,,Jagged Alliance,,"""DLGamer,Steam""",Started,,
1107,Murder by Numbers,,,,,Epic Games,,,
1108,The Elder Scrolls Online,2014,,Elder Scrolls,,Epic Games,,,
1109,Severed Steel,,,,,Epic Games,,,
1110,Bloons TD 6,,,,,Epic Games,,,
1111,Unity of Command: Stalingrad Campaign,,,,,"""Fanatical,Steam""",,,
1112,Black Book,,,,,Epic Games,,,
1113,Dodo Peak,,,,,Epic Games,,,
1114,Homeworld: Deserts of Kharak,2016,,Homeworld,,Epic Games,,,
1115,Hero of the Kingdom II,,,,,GOG,,,
1116,King's Bounty: The Legend,,,,,GOG,,,
1117,Ghost Master,,,,,GOG,,,
1118,Spelldrifter,,,,,Epic Games,,,
1119,Requiem: Avenging Angel,,,,,GOG,,,
1120,Out of Line,,,,,Epic Games,,,
1121,The Forest Quartet,,,,,Epic Games,,,
1122,Model Builder,,,,,Epic Games,,,
1123,Soulstice,,,,,Epic Games,,,
1124,Godlike Burger,,,,,Epic Games,,,
1125,Blazing Sails,,,,,Epic Games,,,
1126,Q.U.B.E. 10th Anniversary,2012,2014,Q.U.B.E.,,Epic Games,,,
1127,Q.U.B.E. 2 Deluxe Edition,2018,,Q.U.B.E.,,Epic Games,,,
1128,Eternal Threads,,,,,Epic Games,,,
1129,The Evil Within,,,,,Epic Games,,,
1130,Tandem: a Tale of Shadows,,,,,Epic Games,,,
1131,The Evil Within 2,,,,,Epic Games,,,
1132,Nomad Survival,,,,,"""Fanatical,Steam""",,,
1133,Turnip Boy Commits Tax Evasion,,,,,Epic Games,,,
1134,Golden Light,,,,,Epic Games,,,
1135,EARTHLOCK,,,,,Epic Games,,,
1136,Surviving the Aftermath,,,,,Epic Games,,,
1137,Deliver Us Mars,,,,,Epic Games,,,
1138,Bitburner,,,,,Steam,,,
1139,Jitsu Squad,,,,,Epic Games,,,
1140,Mighty Fight Federation,,,,,Epic Games,,,
1141,GigaBash,,,,,Epic Games,,,
1142,Predecessor,,,,,Epic Games,,,
1143,Destiny 2: Legacy Collection (2023),,,,,Epic Games,,,
1144,Legend of Keepers: Career of a Dungeon Manager,,,,,GOG,,,
1145,Lost Ruins,,,,,GOG,,,
1146,DNF Duel,,,,,Epic Games,,,
1147,Melvor Idle,,,,,Epic Games,,,
1148,Caveblazers,,,,,GOG,,,
1149,Art of Rally,,,,,Epic Games,,,
1150,Mass Effect: Legendary Edition,,,,,Steam,,Mass Effect 1-3 remastered with DLCs,
1151,Ghostwire: Tokyo,,,,,Epic Games,Backlog,,
1152,The Outer Worlds: Spacer's Choice Edition,,,,,Epic Games,,,
1153,Human Resource Machine,,,,,Epic Games,,,
1154,Lacuna – A Sci-Fi Noir Adventure,,,,,GOG,,,
1155,Cursed to Golf,,,,,Epic Games,,,
1156,Cat Quest,,,,,Epic Games,,,
1157,South of the Circle,,,,,GOG,,,
1158,Saints Row,,,,,Epic Games,,,
1159,Ghostrunner,,,,,Epic Games,,,
1160,20 Minutes Till Dawn,,,,,Epic Games,,,
1161,Marvel's Guardians of the Galaxy,,,,,Epic Games,,,
1162,Betrayer,,,,,GOG,,,
1163,Daggerfall Unity - GOG Cut,1996,2022,Elder Scrolls,,GOG,,,
1164,Dink Smallwood HD,,,,,GOG,,,
1165,Fall of Porcupine: Prologue,,,,,GOG,,,
1166,Hellpoint: The Thespian Feast,,,,,GOG,,,
1167,Higurashi When They Cry Hou - Ch.1 Onikakushi,,,,,GOG,,,
1168,Janosik - Highlander Precision Platformer,,,,,GOG,,,
1169,Martial Law,,,,,GOG,,,
1170,Nomads of Driftland,,,,,GOG,,,
1171,OpenTTD,,,,,GOG,,,
1172,Our Life: Beginnings & Always,,,,,GOG,,,
1173,Quake II RTX,,,,,GOG,,,
1174,Samorost 1,,,,,GOG,,,
1175,Shores Unknown: Arrival,,,,,GOG,,,
1176,Sin Slayers: The First Sin,,,,,GOG,,,
1177,"Symphonia (Student Project, 2020)",,,,,GOG,,,
1178,The Darkest Tales - Into the Nightmare,,,,,GOG,,,
1179,The Life and Suffering of Sir Brante - Chapter 1 & 2,,,,,GOG,,,
1180,Urbek City Builder Prologue,,,,,GOG,,,
1181,Sail Forth,,,,,Epic Games,,,
1182,LOVE,,,,,Epic Games,,,
1183,Vampire Survivors,,,,,"Steam,Epic Games",Completed,,
1184,Infinifactory,,,,,Epic Games,,,
1185,Doors: Paradox,,,,,Epic Games,,,
1186,The Beast Inside,,,,,GOG,,,
1187,Doki Doki Literature Club Plus!,,,,,Epic Games,,,
1188,Lost Castle,,,,,Epic Games,,,
1189,FlatOut,,,,,GOG,,,
1190,Dakar Desert Rally,,,,,Epic Games,,,
1191,Free Stars: The Ur-Quan Masters,1992,2024,Star Control,,Epic Games,,"Originally called ""Star Control 2""",
1192,Super Meat Boy Forever,,,,,Epic Games,,,
1193,Aerial_Knight's Never Yield,,,,,Epic Games,,,
1194,Nomads of Driftland: The Forgotten Passage,,,,,GOG,,,
1195,Astro Duel 2,,,,,Epic Games,,,
1196,Deus Ex: Mankind Divided,2016,,Deus Ex,,Epic Games,,,
1197,Call of the Wild: The Angler,,,,,Epic Games,,,
1198,Invincible Presents: Atom Eve,,,,,Epic Games,,,
1199,Islets,,,,,Epic Games,,,
1200,Hammerting,,,,,Epic Games,,,
1201,Thief (2014),2014,,Thief,,Epic Games,,,
1202,Project Nimbus: Complete Edition,,,,,Steam,,,
1203,The Big Con,,,,,Epic Games,,,
1204,Town of Salem 2,,,,,Epic Games,,,
1205,INDUSTRIA,,,,,Epic Games,,,
1206,LISA: The Definitive Edition,,,,,Epic Games,,,
1207,Cat Quest II,,,,,Epic Games,,,
1208,Orcs Must Die! 3,,,,,Epic Games,,,
1209,Root,,,,,Steam,Started,,"Root: The Riverfolk Expansion,Root: The Clockwork Expansion,Root Soundtrack"
1210,Circus Electrique,,,,,Epic Games,,,
1211,Dragon Age: Inquisition – Game of the Year Edition,,,,,Epic Games,,,
1212,Farming Simulator 22,,,,,Epic Games,,,
1213,Talisman: Digital Edition,,,,,Steam,,,
1214,Chivalry 2,,,,,Epic Games,,,
1215,Marvel's Midnight Suns,,,,,Epic Games,,,
1216,Redout 2,,,,,Epic Games,,,
1217,Freshly Frosted,,,,,Epic Games,,,
1218,Shadows: Awakening,,,,,GOG,,,
1219,Sunless Skies: Sovereign Edition,,,,,Epic Games,,,
1220,The Falconeer: Standard Edition,,,,,Epic Games,,,
1221,The First Templar - Special Edition,,,,,GOG,,,
1222,Inscryption,,,,,Steam,Completed,,
1223,Floppy Knights,,,,,Epic Games,,,
1224,Arcade Paradise,,,,,Epic Games,,,
1225,Maid of Sker,,,,,Epic Games,,,
1226,LumbearJack,,,,,Epic Games,,,
1227,RAWMEN: Food Fighter Arena,,,,,Epic Games,,,
1228,Intravenous,,,,,GOG,,,
1229,CYGNI: All Guns Blazing,,,,,Epic Games,,,
1230,Death's Gambit: Afterlife,,,,,Epic Games,,,
1231,Gigantic: Rampage Edition,,,,,Epic Games,,,
1232,The Callisto Protocol,,,,,Epic Games,,,
1233,Tales of Fablecraft,,,,,Steam,,,
1234,Wild Card Football,,,,,Epic Games,,,
1235,Paradise Killer,,,,,"""Humble Store,Steam""",,,
1236,The Darkside Detective,,,,,"""Humble Store,Steam""",Backlog,,
1237,IMMORTALITY,,,,,"""Humble Store,Steam""",Backlog,,
1238,Killer Frequency,,,,,"""Humble Store,Steam""",,,
1239,Call of Cthulhu,,,,,"""Humble Store,Steam""",,,
1240,The Darkside Detective: A Fumble In The Dark,,,,,"""Humble Store,Steam""",,,
1241,Overboard!,,,,,"""Humble Store,Steam""",,,
1242,Once Upon a Jester,,,,,GOG,,,
1243,Football Manager 2024,,,,,Epic Games,,,
1244,Sniper Ghost Warrior Contracts,,,,,Epic Games,,,
1245,Deadlock (playtest),,,,,Steam,,,
1246,Rugrats: Adventures in Gameland,,,,,Epic Games,,,
1247,Super Crazy Rhythm Castle,,,,,Epic Games,,,
1248,.Forty-Five,,,,,Steam,,,
1249,TOEM,,,,,Epic Games,,,
1250,The Last Stand: Aftermath,,,,,Epic Games,,,
1251,Bloody Hell,,,,,GOG,,,
1252,Bullet Runner: The First Slaughter,,,,,GOG,,,
1253,Destroy All Humans! Clone Carnage,,,,,GOG,,,
1254,Flashout 3D: Enhanced Edition,,,,,GOG,,,
1255,Gravewood High,,,,,GOG,,,
1256,Phoning Home,,,,,GOG,,,
1257,Samsara Room,,,,,GOG,,,
1258,The Supper,,,,,GOG,,,
1259,Wolfenstein: Enemy Territory,,,,,GOG,,,
1260,The Spirit and the Mouse,,,,,Epic Games,,,
1261,Bear and Breakfast,,,,,Epic Games,,,
1262,Empyrion - Galactic Survival,,,,,Epic Games,,,
1263,Outliver: Tribulation,,,,,Epic Games,,,
1264,Kardboard Kings,,,,,Epic Games,,,
1265,Witch It,,,,,Epic Games,,,
1266,Return of the Phantom,,,,,GOG,,,
1267,Deceive Inc.,,,,,Epic Games,Backlog,,
1268,Castlevania Anniversary Collection,,,,,Epic Games,,,
1269,Snakebird Complete,,,,,Epic Games,,,
1270,Team Fortress 2,,,,,Steam,,,
1271,Dota 2,,,,,Steam,,,
1272,Diggles: The Myth of Fenris,,,,,GOG,,,
1273,Beholder,,,,,Epic Games,,,
1274,Brotato,,,,,Epic Games,,,
1307,Oaken,,,,,GOG,,,
1340,I Expect You To Die 2: The Spy and the Liar,2021,,I Expect You To Die,VR,Steam,Backlog,,
1341,I Expect You To Die 3: Cog in the Machine,2023,,I Expect You To Die,VR,Steam,Backlog,,
1373,Bus Simulator 21 Next Stop,,,,,Epic Games,,,
1374,LEGO Star Wars: The Skywalker Saga,,,LEGO,,Epic Games,,,
1406,The Lord of the Rings: Return to Moria,,,,,Epic Games,,,
1439,Chicken Assassin: Reloaded,,,,,GOG,,,
1472,Aircar,,,,VR,Steam,,,
1505,TerraTech,,,,,Epic Games,,,
1538,DREDGE,,,,,Epic Games,,,
1571,Ghostrunner 2,,,,,Epic Games,,,
1572,HOT WHEELS UNLEASHED,,,,,Epic Games,,,
1573,KILL KNIGHT,,,,,Epic Games,,,
1574,[REDACTED],,,,,Epic Games,,,
1575,Vambrace: Cold Soul,,,,,GOG,,,
1576,Sifu,,,,,Epic Games,,,
1577,Kingdom Come: Deliverance,,,,,Epic Games,,,
1578,Hell Let Loose,,,,,Epic Games,,,
1604,Turmoil,,,,,Epic Games,,,
1637,Escape Academy,,,,,Epic Games,,,
1670,Behind the Frame: The Finest Scenery,,,,,Epic Games,,,
1703,Undying,,,,,Epic Games,,,
1736,HUMANKIND,,,,,Epic Games,,,
1769,F1 Manager 2024,,,,,Epic Games,,,
1802,Garden Story,,,,,Epic Games,,,
1803,World War Z: Aftermath,,,,,Epic Games,,,
1835,Detroit: Become Human,,,,,Steam,Backlog,,
1836,Beyond: Two Souls,,,,,Steam,Backlog,,
1837,Heavy Rain,,,,,Steam,Backlog,,
1838,Fahrenheit: Indigo Prophecy Remastered,,,,,Steam,,,
1868,Jurassic World Evolution 2,,,,,Epic Games,,,
1901,Amerzone: The Explorer's Legacy (1999),,,,,GOG,,,
1934,"Neko Ghost, Jump!",,,,,Epic Games,,,
1967,River City Girls,,,,,Epic Games,,,
2000,CHUCHEL,,,,,Epic Games,,,
2033,Super Space Club,,,,,Epic Games,,,
2066,Deadtime Defenders,,,,,Epic Games,,,
2067,Touch Type Tale,,,,,Epic Games,,,
2099,Dead Island 2,,,,,Epic Games,,,
2100,Happy Game,,,,,Epic Games,,,
2132,Deliver At All Costs,,,,,Epic Games,,,
2133,Gigapocalypse,,,,,Epic Games,,,
2165,Tiny Tina's Wonderlands,,,,,Epic Games,,,
2198,DEATHLOOP,,,,,Epic Games,,,
2199,Ogu and the Secret Forest,,,,,Epic Games,,,
2231,The Operator,,,,,Epic Games,,,
2264,Sable,,,,,Epic Games,Backlog,,
2297,Valheim,,,,Online Co-Op,Steam,Started,,
2330,Backpack Hero,,,,,Epic Games,,,
2363,Figment 2: Creed Valley,,,,,Epic Games,,,
2364,Sky Racket,,,,,Epic Games,,,
2396,Sid Meier’s Civilization VI: Platinum Edition,,,Sid Meier's Civilization,,Epic Games,,,
2429,Legion TD 2,,,,,Epic Games,,,
2462,Keylocker | Turn Based Cyberpunk Action,,,,,Epic Games,,,
2463,Pilgrims,,,,,Epic Games,,,
2495,Road Redemption,,,,,Epic Games,,,
2528,Hidden Folks,,,,,Epic Games,,,
2561,Disco Elysium - The Final Cut,,,,,GOG,,,
2594,Kamaeru: A Frog Refuge,,,,,Epic Games,,,
2595,Strange Horticulture,,,,,Epic Games,,,
2627,Machinarium,,,,,Epic Games,,,
2628,Make Way,,,,,Epic Games,,,
2660,Monument Valley,,,,,Epic Games,,,
2693,Monument Valley 2,,,,,Epic Games,,,
2694,The Battle of Polytopia,,,,,Epic Games,,,
2726,Eastern Exorcist,,,,,Epic Games,,,
2727,Jorel’s Brother and The Most Important Game of the Galaxy,,,,,Epic Games,,,
2759,Nightingale,,,,,Epic Games,,,
2792,Gravity Circuit,,,,,Epic Games,,,
2825,Microsoft Flight Simulator 2024: Standard Edition,2024,,Microsoft Flight Simulator,,Microsoft Store,,,
2858,Amnesia: The Bunker,2023,,Amnesia,,Epic Games,,,
2859,Samorost 3,,,,,Epic Games,,,
2891,Fear the Spotlight,,,,,Epic Games,,,
2924,Bendy and the Ink Machine,,,,,Epic Games,,,
2925,Five Nights at Freddy's: Into the Pit,,,,,Epic Games,,,
2957,ScourgeBringer,,,,,Epic Games,,,
2958,Songs of Silence,,,,,Epic Games,,,
2959,Zero Hour,,,,,Epic Games,,,
